"","iso2c","country","SL.GDP.PCAP.EM.KD","year"
"1","EU","European Union",NA,2020
"2","EU","European Union",98036.731445746,2019
"3","EU","European Union",97300.6353217385,2018
"4","EU","European Union",96373.9517353484,2017
"5","EU","European Union",95126.4248601467,2016
"6","EU","European Union",94491.3384190517,2015
"7","EU","European Union",93315.5930259282,2014
"8","EU","European Union",92583.8234407985,2013
"9","EU","European Union",92286.2825207834,2012
"10","EU","European Union",92532.7115148026,2011
"11","EU","European Union",90569.1702614723,2010
"12","EU","European Union",88316.889582501,2009
"13","EU","European Union",90584.0468301463,2008
"14","EU","European Union",90743.5676176422,2007
"15","EU","European Union",89612.7747121497,2006
"16","EU","European Union",88039.3129507372,2005
"17","EU","European Union",87385.0537219929,2004
"18","EU","European Union",85423.3266066013,2003
"19","EU","European Union",85160.2670155315,2002
"20","EU","European Union",84058.8344763664,2001
"21","EU","European Union",82887.3884872903,2000
"22","EU","European Union",80515.7211698499,1999
"23","EU","European Union",79131.9864106997,1998
"24","EU","European Union",77623.6990551153,1997
"25","EU","European Union",76161.4752957557,1996
"26","EU","European Union",74790.3381400851,1995
"27","EU","European Union",73076.8848643618,1994
"28","EU","European Union",70745.0118020064,1993
"29","EU","European Union",69827.7894625877,1992
"30","EU","European Union",68598.3777497031,1991
"31","EU","European Union",NA,1990
"32","EU","European Union",NA,1989
"33","EU","European Union",NA,1988
"34","EU","European Union",NA,1987
"35","EU","European Union",NA,1986
"36","EU","European Union",NA,1985
"37","EU","European Union",NA,1984
"38","EU","European Union",NA,1983
"39","EU","European Union",NA,1982
"40","EU","European Union",NA,1981
"41","EU","European Union",NA,1980
"42","EU","European Union",NA,1979
"43","EU","European Union",NA,1978
"44","EU","European Union",NA,1977
"45","EU","European Union",NA,1976
"46","EU","European Union",NA,1975
"47","EU","European Union",NA,1974
"48","EU","European Union",NA,1973
"49","EU","European Union",NA,1972
"50","EU","European Union",NA,1971
"51","EU","European Union",NA,1970
"52","EU","European Union",NA,1969
"53","EU","European Union",NA,1968
"54","EU","European Union",NA,1967
"55","EU","European Union",NA,1966
"56","EU","European Union",NA,1965
"57","EU","European Union",NA,1964
"58","EU","European Union",NA,1963
"59","EU","European Union",NA,1962
"60","EU","European Union",NA,1961
"61","EU","European Union",NA,1960
